{
	"info": {
		"_postman_id": "224dedc7-7183-4155-8bc3-71535720f884",
		"name": "Api_sin_paginacion",
		"schema": "https://schema.getpostman.com/json/collection/v2.1.0/collection.json",
		"_exporter_id": "30199268"
	},
	"item": [
		{
			"name": "Autor",
			"item": [
				{
					"name": "Get all",
					"request": {
						"method": "GET",
						"header": [],
						"url": {
							"raw": "http://localhost:9000/api/v1/usuarios",
							"protocol": "http",
							"host": [
								"localhost"
							],
							"port": "9000",
							"path": [
								"api",
								"v1",
								"usuarios"
							]
						}
					},
					"response": []
				},
				{
					"name": "Get one",
					"request": {
						"method": "GET",
						"header": []
					},
					"response": []
				},
				{
					"name": "Create",
					"request": {
						"method": "POST",
						"header": [
							{
								"key": "Content-Type",
								"value": "application/json",
								"type": "text"
							}
						],
						"body": {
							"mode": "raw",
							"raw": "{\r\n  \"nombre\": \"Usuario 1\",\r\n  \"contraseña\": \"contraseña123\",\r\n  \"rol\": \"ADMIN\",\r\n  \"usuario\": [\r\n    {\r\n      \"fecha\": \"2023-10-06T10:00:00.000+0000\",\r\n      \"total\": 60.0,\r\n      \"horaEstimadaEntrega\": \"2023-10-06T11:00:00.000+0000\",\r\n      \"estado\": \"INICIADO\",\r\n      \"tipoEnvio\": \"DELIVERY\",\r\n      \"factura\": {\r\n        \"numero\": 2,\r\n        \"fecha\": \"2023-10-06T10:30:00.000+0000\",\r\n        \"descuento\": 7.0,\r\n        \"total\": 53.0,\r\n        \"formaPago\": \"MERCADOPAGO\"\r\n      },\r\n      \"pedidoProductos\": [],\r\n      \"domicilio\": {\r\n        \"calle\": \"Calle C\",\r\n        \"numero\": \"789\",\r\n        \"localidad\": \"Ciudad Z\"\r\n      }\r\n    }\r\n  ]\r\n}\r\n",
							"options": {
								"raw": {
									"language": "json"
								}
							}
						},
						"url": {
							"raw": "http://localhost:9000/api/v1/usuarios",
							"protocol": "http",
							"host": [
								"localhost"
							],
							"port": "9000",
							"path": [
								"api",
								"v1",
								"usuarios"
							]
						}
					},
					"response": []
				},
				{
					"name": "Update",
					"request": {
						"method": "PUT",
						"header": []
					},
					"response": []
				},
				{
					"name": "Delete",
					"request": {
						"method": "DELETE",
						"header": []
					},
					"response": []
				}
			]
		},
		{
			"name": "Domicilio",
			"item": [
				{
					"name": "Get all",
					"request": {
						"method": "GET",
						"header": [],
						"url": {
							"raw": "http://localhost:9000/api/v1/usuarios",
							"protocol": "http",
							"host": [
								"localhost"
							],
							"port": "9000",
							"path": [
								"api",
								"v1",
								"usuarios"
							]
						}
					},
					"response": []
				},
				{
					"name": "Get one",
					"request": {
						"method": "GET",
						"header": []
					},
					"response": []
				},
				{
					"name": "Create",
					"request": {
						"method": "POST",
						"header": [
							{
								"key": "Content-Type",
								"value": "application/json",
								"type": "text"
							}
						],
						"body": {
							"mode": "raw",
							"raw": "{\r\n  \"nombre\": \"Usuario 1\",\r\n  \"contraseña\": \"contraseña123\",\r\n  \"rol\": \"ADMIN\",\r\n  \"usuario\": [\r\n    {\r\n      \"fecha\": \"2023-10-06T10:00:00.000+0000\",\r\n      \"total\": 60.0,\r\n      \"horaEstimadaEntrega\": \"2023-10-06T11:00:00.000+0000\",\r\n      \"estado\": \"INICIADO\",\r\n      \"tipoEnvio\": \"DELIVERY\",\r\n      \"factura\": {\r\n        \"numero\": 2,\r\n        \"fecha\": \"2023-10-06T10:30:00.000+0000\",\r\n        \"descuento\": 7.0,\r\n        \"total\": 53.0,\r\n        \"formaPago\": \"MERCADOPAGO\"\r\n      },\r\n      \"pedidoProductos\": [],\r\n      \"domicilio\": {\r\n        \"calle\": \"Calle C\",\r\n        \"numero\": \"789\",\r\n        \"localidad\": \"Ciudad Z\"\r\n      }\r\n    }\r\n  ]\r\n}\r\n",
							"options": {
								"raw": {
									"language": "json"
								}
							}
						},
						"url": {
							"raw": "http://localhost:9000/api/v1/usuarios",
							"protocol": "http",
							"host": [
								"localhost"
							],
							"port": "9000",
							"path": [
								"api",
								"v1",
								"usuarios"
							]
						}
					},
					"response": []
				},
				{
					"name": "Update",
					"request": {
						"method": "PUT",
						"header": []
					},
					"response": []
				},
				{
					"name": "Delete",
					"request": {
						"method": "DELETE",
						"header": []
					},
					"response": []
				}
			]
		},
		{
			"name": "Libro",
			"item": [
				{
					"name": "Get all",
					"request": {
						"method": "GET",
						"header": [],
						"url": {
							"raw": "http://localhost:9000/api/v1/usuarios",
							"protocol": "http",
							"host": [
								"localhost"
							],
							"port": "9000",
							"path": [
								"api",
								"v1",
								"usuarios"
							]
						}
					},
					"response": []
				},
				{
					"name": "Get one",
					"request": {
						"method": "GET",
						"header": []
					},
					"response": []
				},
				{
					"name": "Create",
					"request": {
						"method": "POST",
						"header": [
							{
								"key": "Content-Type",
								"value": "application/json",
								"type": "text"
							}
						],
						"body": {
							"mode": "raw",
							"raw": "{\r\n  \"nombre\": \"Usuario 1\",\r\n  \"contraseña\": \"contraseña123\",\r\n  \"rol\": \"ADMIN\",\r\n  \"usuario\": [\r\n    {\r\n      \"fecha\": \"2023-10-06T10:00:00.000+0000\",\r\n      \"total\": 60.0,\r\n      \"horaEstimadaEntrega\": \"2023-10-06T11:00:00.000+0000\",\r\n      \"estado\": \"INICIADO\",\r\n      \"tipoEnvio\": \"DELIVERY\",\r\n      \"factura\": {\r\n        \"numero\": 2,\r\n        \"fecha\": \"2023-10-06T10:30:00.000+0000\",\r\n        \"descuento\": 7.0,\r\n        \"total\": 53.0,\r\n        \"formaPago\": \"MERCADOPAGO\"\r\n      },\r\n      \"pedidoProductos\": [],\r\n      \"domicilio\": {\r\n        \"calle\": \"Calle C\",\r\n        \"numero\": \"789\",\r\n        \"localidad\": \"Ciudad Z\"\r\n      }\r\n    }\r\n  ]\r\n}\r\n",
							"options": {
								"raw": {
									"language": "json"
								}
							}
						},
						"url": {
							"raw": "http://localhost:9000/api/v1/usuarios",
							"protocol": "http",
							"host": [
								"localhost"
							],
							"port": "9000",
							"path": [
								"api",
								"v1",
								"usuarios"
							]
						}
					},
					"response": []
				},
				{
					"name": "Update",
					"request": {
						"method": "PUT",
						"header": []
					},
					"response": []
				},
				{
					"name": "Delete",
					"request": {
						"method": "DELETE",
						"header": []
					},
					"response": []
				}
			]
		},
		{
			"name": "Localidad",
			"item": [
				{
					"name": "Get all",
					"request": {
						"method": "GET",
						"header": [],
						"url": {
							"raw": "http://localhost:9000/api/v1/usuarios",
							"protocol": "http",
							"host": [
								"localhost"
							],
							"port": "9000",
							"path": [
								"api",
								"v1",
								"usuarios"
							]
						}
					},
					"response": []
				},
				{
					"name": "Get one",
					"request": {
						"method": "GET",
						"header": []
					},
					"response": []
				},
				{
					"name": "Create",
					"request": {
						"method": "POST",
						"header": [
							{
								"key": "Content-Type",
								"value": "application/json",
								"type": "text"
							}
						],
						"body": {
							"mode": "raw",
							"raw": "{\r\n  \"nombre\": \"Usuario 1\",\r\n  \"contraseña\": \"contraseña123\",\r\n  \"rol\": \"ADMIN\",\r\n  \"usuario\": [\r\n    {\r\n      \"fecha\": \"2023-10-06T10:00:00.000+0000\",\r\n      \"total\": 60.0,\r\n      \"horaEstimadaEntrega\": \"2023-10-06T11:00:00.000+0000\",\r\n      \"estado\": \"INICIADO\",\r\n      \"tipoEnvio\": \"DELIVERY\",\r\n      \"factura\": {\r\n        \"numero\": 2,\r\n        \"fecha\": \"2023-10-06T10:30:00.000+0000\",\r\n        \"descuento\": 7.0,\r\n        \"total\": 53.0,\r\n        \"formaPago\": \"MERCADOPAGO\"\r\n      },\r\n      \"pedidoProductos\": [],\r\n      \"domicilio\": {\r\n        \"calle\": \"Calle C\",\r\n        \"numero\": \"789\",\r\n        \"localidad\": \"Ciudad Z\"\r\n      }\r\n    }\r\n  ]\r\n}\r\n",
							"options": {
								"raw": {
									"language": "json"
								}
							}
						},
						"url": {
							"raw": "http://localhost:9000/api/v1/usuarios",
							"protocol": "http",
							"host": [
								"localhost"
							],
							"port": "9000",
							"path": [
								"api",
								"v1",
								"usuarios"
							]
						}
					},
					"response": []
				},
				{
					"name": "Update",
					"request": {
						"method": "PUT",
						"header": []
					},
					"response": []
				},
				{
					"name": "Delete",
					"request": {
						"method": "DELETE",
						"header": []
					},
					"response": []
				}
			]
		},
		{
			"name": "Persona",
			"item": [
				{
					"name": "Get all",
					"request": {
						"method": "GET",
						"header": [],
						"url": {
							"raw": "http://localhost:9000/api/v1/usuarios",
							"protocol": "http",
							"host": [
								"localhost"
							],
							"port": "9000",
							"path": [
								"api",
								"v1",
								"usuarios"
							]
						}
					},
					"response": []
				},
				{
					"name": "Get one",
					"request": {
						"method": "GET",
						"header": []
					},
					"response": []
				},
				{
					"name": "Create",
					"request": {
						"method": "POST",
						"header": [
							{
								"key": "Content-Type",
								"value": "application/json",
								"type": "text"
							}
						],
						"body": {
							"mode": "raw",
							"raw": "{\r\n  \"nombre\": \"Usuario 1\",\r\n  \"contraseña\": \"contraseña123\",\r\n  \"rol\": \"ADMIN\",\r\n  \"usuario\": [\r\n    {\r\n      \"fecha\": \"2023-10-06T10:00:00.000+0000\",\r\n      \"total\": 60.0,\r\n      \"horaEstimadaEntrega\": \"2023-10-06T11:00:00.000+0000\",\r\n      \"estado\": \"INICIADO\",\r\n      \"tipoEnvio\": \"DELIVERY\",\r\n      \"factura\": {\r\n        \"numero\": 2,\r\n        \"fecha\": \"2023-10-06T10:30:00.000+0000\",\r\n        \"descuento\": 7.0,\r\n        \"total\": 53.0,\r\n        \"formaPago\": \"MERCADOPAGO\"\r\n      },\r\n      \"pedidoProductos\": [],\r\n      \"domicilio\": {\r\n        \"calle\": \"Calle C\",\r\n        \"numero\": \"789\",\r\n        \"localidad\": \"Ciudad Z\"\r\n      }\r\n    }\r\n  ]\r\n}\r\n",
							"options": {
								"raw": {
									"language": "json"
								}
							}
						},
						"url": {
							"raw": "http://localhost:9000/api/v1/usuarios",
							"protocol": "http",
							"host": [
								"localhost"
							],
							"port": "9000",
							"path": [
								"api",
								"v1",
								"usuarios"
							]
						}
					},
					"response": []
				},
				{
					"name": "Update",
					"request": {
						"method": "PUT",
						"header": []
					},
					"response": []
				},
				{
					"name": "Delete",
					"request": {
						"method": "DELETE",
						"header": []
					},
					"response": []
				},
				{
					"name": "SEARCH",
					"request": {
						"method": "GET",
						"header": []
					},
					"response": []
				}
			]
		}
	]
}