{
	"info": {
		"_postman_id": "390aa07f-54cc-417d-968d-a59acf79618f",
		"name": "Api_sin_paginacion",
		"schema": "https://schema.getpostman.com/json/collection/v2.1.0/collection.json",
		"_exporter_id": "30370615"
	},
	"item": [
		{
			"name": "Autor",
			"item": [
				{
					"name": "Get all",
					"request": {
						"method": "GET",
						"header": [],
						"url": {
							"raw": "http://localhost:9000/api/v1/usuarios",
							"protocol": "http",
							"host": [
								"localhost"
							],
							"port": "9000",
							"path": [
								"api",
								"v1",
								"usuarios"
							]
						}
					},
					"response": []
				},
				{
					"name": "Get one",
					"request": {
						"method": "GET",
						"header": [],
						"url": {
							"raw": ""
						}
					},
					"response": []
				},
				{
					"name": "Create",
					"request": {
						"method": "POST",
						"header": [
							{
								"key": "Content-Type",
								"value": "application/json",
								"type": "text"
							}
						],
						"body": {
							"mode": "raw",
							"raw": "{\r\n  \"nombre\": \"Brandon\",\r\n  \"apellido\": \"Sanderson\",\r\n  \"biografia\": \"ADMIN\"}\r\n",
							"options": {
								"raw": {
									"language": "json"
								}
							}
						},
						"url": {
							"raw": "http://localhost:9000/api/v1/usuarios",
							"protocol": "http",
							"host": [
								"localhost"
							],
							"port": "9000",
							"path": [
								"api",
								"v1",
								"usuarios"
							]
						}
					},
					"response": []
				},
				{
					"name": "Update",
					"request": {
						"method": "PUT",
						"header": [],
						"url": {
							"raw": ""
						}
					},
					"response": []
				},
				{
					"name": "Delete",
					"request": {
						"method": "DELETE",
						"header": [],
						"url": {
							"raw": ""
						}
					},
					"response": []
				}
			]
		},
		{
			"name": "Domicilio",
			"item": [
				{
					"name": "Get all",
					"request": {
						"method": "GET",
						"header": [],
						"url": {
							"raw": "http://localhost:9000/api/v1/usuarios",
							"protocol": "http",
							"host": [
								"localhost"
							],
							"port": "9000",
							"path": [
								"api",
								"v1",
								"usuarios"
							]
						}
					},
					"response": []
				},
				{
					"name": "Get one",
					"request": {
						"method": "GET",
						"header": [],
						"url": {
							"raw": ""
						}
					},
					"response": []
				},
				{
					"name": "Create",
					"request": {
						"method": "POST",
						"header": [
							{
								"key": "Content-Type",
								"value": "application/json",
								"type": "text"
							}
						],
						"body": {
							"mode": "raw",
							"raw": "{\r\n  \"nombre\": \"Usuario 1\",\r\n  \"contraseña\": \"contraseña123\",\r\n  \"rol\": \"ADMIN\",\r\n  \"usuario\": [\r\n    {\r\n      \"fecha\": \"2023-10-06T10:00:00.000+0000\",\r\n      \"total\": 60.0,\r\n      \"horaEstimadaEntrega\": \"2023-10-06T11:00:00.000+0000\",\r\n      \"estado\": \"INICIADO\",\r\n      \"tipoEnvio\": \"DELIVERY\",\r\n      \"factura\": {\r\n        \"numero\": 2,\r\n        \"fecha\": \"2023-10-06T10:30:00.000+0000\",\r\n        \"descuento\": 7.0,\r\n        \"total\": 53.0,\r\n        \"formaPago\": \"MERCADOPAGO\"\r\n      },\r\n      \"pedidoProductos\": [],\r\n      \"domicilio\": {\r\n        \"calle\": \"Calle C\",\r\n        \"numero\": \"789\",\r\n        \"localidad\": \"Ciudad Z\"\r\n      }\r\n    }\r\n  ]\r\n}\r\n",
							"options": {
								"raw": {
									"language": "json"
								}
							}
						},
						"url": {
							"raw": "http://localhost:9000/api/v1/usuarios",
							"protocol": "http",
							"host": [
								"localhost"
							],
							"port": "9000",
							"path": [
								"api",
								"v1",
								"usuarios"
							]
						}
					},
					"response": []
				},
				{
					"name": "Update",
					"request": {
						"method": "PUT",
						"header": [],
						"url": {
							"raw": ""
						}
					},
					"response": []
				},
				{
					"name": "Delete",
					"request": {
						"method": "DELETE",
						"header": [],
						"url": {
							"raw": ""
						}
					},
					"response": []
				}
			]
		},
		{
			"name": "Libro",
			"item": [
				{
					"name": "Get all",
					"request": {
						"method": "GET",
						"header": [],
						"url": {
							"raw": "http://localhost:9000/api/v1/usuarios",
							"protocol": "http",
							"host": [
								"localhost"
							],
							"port": "9000",
							"path": [
								"api",
								"v1",
								"usuarios"
							]
						}
					},
					"response": []
				},
				{
					"name": "Get one",
					"request": {
						"method": "GET",
						"header": [],
						"url": {
							"raw": ""
						}
					},
					"response": []
				},
				{
					"name": "Create",
					"request": {
						"method": "POST",
						"header": [
							{
								"key": "Content-Type",
								"value": "application/json",
								"type": "text"
							}
						],
						"body": {
							"mode": "raw",
							"raw": "{\r\n  \"nombre\": \"Usuario 1\",\r\n  \"contraseña\": \"contraseña123\",\r\n  \"rol\": \"ADMIN\",\r\n  \"usuario\": [\r\n    {\r\n      \"fecha\": \"2023-10-06T10:00:00.000+0000\",\r\n      \"total\": 60.0,\r\n      \"horaEstimadaEntrega\": \"2023-10-06T11:00:00.000+0000\",\r\n      \"estado\": \"INICIADO\",\r\n      \"tipoEnvio\": \"DELIVERY\",\r\n      \"factura\": {\r\n        \"numero\": 2,\r\n        \"fecha\": \"2023-10-06T10:30:00.000+0000\",\r\n        \"descuento\": 7.0,\r\n        \"total\": 53.0,\r\n        \"formaPago\": \"MERCADOPAGO\"\r\n      },\r\n      \"pedidoProductos\": [],\r\n      \"domicilio\": {\r\n        \"calle\": \"Calle C\",\r\n        \"numero\": \"789\",\r\n        \"localidad\": \"Ciudad Z\"\r\n      }\r\n    }\r\n  ]\r\n}\r\n",
							"options": {
								"raw": {
									"language": "json"
								}
							}
						},
						"url": {
							"raw": "http://localhost:9000/api/v1/usuarios",
							"protocol": "http",
							"host": [
								"localhost"
							],
							"port": "9000",
							"path": [
								"api",
								"v1",
								"usuarios"
							]
						}
					},
					"response": []
				},
				{
					"name": "Update",
					"request": {
						"method": "PUT",
						"header": [],
						"url": {
							"raw": ""
						}
					},
					"response": []
				},
				{
					"name": "Delete",
					"request": {
						"method": "DELETE",
						"header": [],
						"url": {
							"raw": ""
						}
					},
					"response": []
				}
			]
		},
		{
			"name": "Localidad",
			"item": [
				{
					"name": "Get all",
					"request": {
						"method": "GET",
						"header": [],
						"url": {
							"raw": "http://localhost:9000/api/v1/usuarios",
							"protocol": "http",
							"host": [
								"localhost"
							],
							"port": "9000",
							"path": [
								"api",
								"v1",
								"usuarios"
							]
						}
					},
					"response": []
				},
				{
					"name": "Get one",
					"request": {
						"method": "GET",
						"header": [],
						"url": {
							"raw": ""
						}
					},
					"response": []
				},
				{
					"name": "Create",
					"request": {
						"method": "POST",
						"header": [
							{
								"key": "Content-Type",
								"value": "application/json",
								"type": "text"
							}
						],
						"body": {
							"mode": "raw",
							"raw": "{\r\n  \"denominacion\": \"Lujan de Cuyo\"}\r\n",
							"options": {
								"raw": {
									"language": "json"
								}
							}
						},
						"url": {
							"raw": "http://localhost:9000/api/v1/usuarios",
							"protocol": "http",
							"host": [
								"localhost"
							],
							"port": "9000",
							"path": [
								"api",
								"v1",
								"usuarios"
							]
						}
					},
					"response": []
				},
				{
					"name": "Update",
					"request": {
						"method": "PUT",
						"header": [],
						"url": {
							"raw": ""
						}
					},
					"response": []
				},
				{
					"name": "Delete",
					"request": {
						"method": "DELETE",
						"header": [],
						"url": {
							"raw": ""
						}
					},
					"response": []
				}
			]
		},
		{
			"name": "Persona",
			"item": [
				{
					"name": "Get all",
					"request": {
						"method": "GET",
						"header": [],
						"url": {
							"raw": "https://apiresconpaginacionbernardofernandez.onrender.com/api/v1/personas",
							"protocol": "https",
							"host": [
								"apiresconpaginacionbernardofernandez",
								"onrender",
								"com"
							],
							"path": [
								"api",
								"v1",
								"personas"
							]
						}
					},
					"response": []
				},
				{
					"name": "Get one",
					"request": {
						"method": "GET",
						"header": [],
						"url": {
							"raw": "https://apiresconpaginacionbernardofernandez.onrender.com/api/v1/personas/2",
							"protocol": "https",
							"host": [
								"apiresconpaginacionbernardofernandez",
								"onrender",
								"com"
							],
							"path": [
								"api",
								"v1",
								"personas",
								"2"
							]
						}
					},
					"response": []
				},
				{
					"name": "Create",
					"request": {
						"method": "POST",
						"header": [
							{
								"key": "Content-Type",
								"value": "application/json",
								"type": "text"
							}
						],
						"body": {
							"mode": "raw",
							"raw": "{  \"nombre\": \"Bernardo\",\r\n        \"apellido\": \"Fernandez\",\r\n        \"dni\": 44009287,\r\n        \"domicilio\": {\r\n            \"calle\": \"Libertad\",\r\n            \"numero\": 55,\r\n            \"localidad\": {\r\n                \"denominacion\": \"Lujan de Cuyo\"\r\n            }\r\n        },\r\n        \"libros\": [\r\n            {\r\n                \"titulo\": \"El nombre del Viento\",\r\n                \"genero\": \"Fantasia medieval\",\r\n                \"paginas\":1000,\r\n                \"fecha\": 2007,\r\n                \"autores\": [\r\n                    {\r\n                        \"nombre\": \"Patrick\",\r\n                        \"apellido\": \"Rothfuss\",\r\n                        \"biografia\": \"No saca la 3era partes\"\r\n                    }\r\n                ]\r\n            }\r\n                ]\r\n }",
							"options": {
								"raw": {
									"language": "json"
								}
							}
						},
						"url": {
							"raw": "https://apiresconpaginacionbernardofernandez.onrender.com/api/v1/personas",
							"protocol": "https",
							"host": [
								"apiresconpaginacionbernardofernandez",
								"onrender",
								"com"
							],
							"path": [
								"api",
								"v1",
								"personas"
							]
						}
					},
					"response": []
				},
				{
					"name": "Update",
					"request": {
						"method": "PUT",
						"header": [],
						"url": {
							"raw": "https://apiresconpaginacionbernardofernandez.onrender.com/api/v1/personas",
							"protocol": "https",
							"host": [
								"apiresconpaginacionbernardofernandez",
								"onrender",
								"com"
							],
							"path": [
								"api",
								"v1",
								"personas"
							]
						}
					},
					"response": []
				},
				{
					"name": "Delete",
					"request": {
						"method": "DELETE",
						"header": [],
						"url": {
							"raw": "https://apiresconpaginacionbernardofernandez.onrender.com/api/v1/personas/1",
							"protocol": "https",
							"host": [
								"apiresconpaginacionbernardofernandez",
								"onrender",
								"com"
							],
							"path": [
								"api",
								"v1",
								"personas",
								"1"
							]
						}
					},
					"response": []
				},
				{
					"name": "SEARCH",
					"request": {
						"method": "GET",
						"header": [],
						"url": {
							"raw": "https://apiresconpaginacionbernardofernandez.onrender.com/api/v1/personas/search?filtro=A",
							"protocol": "https",
							"host": [
								"apiresconpaginacionbernardofernandez",
								"onrender",
								"com"
							],
							"path": [
								"api",
								"v1",
								"personas",
								"search"
							],
							"query": [
								{
									"key": "filtro",
									"value": "A"
								}
							]
						}
					},
					"response": []
				},
				{
					"name": "SearchAllPaged",
					"request": {
						"method": "GET",
						"header": [],
						"url": {
							"raw": "https://apiresconpaginacionbernardofernandez.onrender.com/api/v1/personas/paged?paged=0&size=5&sort=id,asc",
							"protocol": "https",
							"host": [
								"apiresconpaginacionbernardofernandez",
								"onrender",
								"com"
							],
							"path": [
								"api",
								"v1",
								"personas",
								"paged"
							],
							"query": [
								{
									"key": "paged",
									"value": "0"
								},
								{
									"key": "size",
									"value": "5"
								},
								{
									"key": "sort",
									"value": "id,asc"
								}
							]
						}
					},
					"response": []
				},
				{
					"name": "SearchPaged",
					"request": {
						"method": "GET",
						"header": [],
						"url": {
							"raw": "https://apiresconpaginacionbernardofernandez.onrender.com/api/v1/personas?filtro=A&page=0&size=5&sort=id,desc",
							"protocol": "https",
							"host": [
								"apiresconpaginacionbernardofernandez",
								"onrender",
								"com"
							],
							"path": [
								"api",
								"v1",
								"personas"
							],
							"query": [
								{
									"key": "filtro",
									"value": "A"
								},
								{
									"key": "page",
									"value": "0"
								},
								{
									"key": "size",
									"value": "5"
								},
								{
									"key": "sort",
									"value": "id,desc"
								}
							]
						}
					},
					"response": []
				}
			]
		}
	]
}